Date,Price
2016-07-01,701.7121125
2016-07-02,658.4175
2016-07-03,676.3294375
2016-07-04,666.4855875
2016-07-05,673.786825
2016-07-06,636.3588625
2016-07-07,659.5552375
2016-07-08,651.8649125
2016-07-09,648.0949
2016-07-10,647.9837
2016-07-11,672.7653124999999
2016-07-12,657.4524875
2016-07-13,658.8316125
2016-07-14,664.57145
2016-07-15,662.15335
2016-07-16,675.45905
2016-07-17,673.2056375
2016-07-18,672.8432
2016-07-19,665.643125
2016-07-20,664.882075
2016-07-21,651.5813625
2016-07-22,655.8469125
2016-07-23,661.4130125
2016-07-24,654.6954499999999
2016-07-25,655.0654625
2016-07-26,654.9810375
2016-07-27,655.32875
2016-07-28,656.8876124999999
2016-07-29,654.7369625
2016-07-30,628.015375
2016-07-31,606.3223428571429
2016-08-01,515.0618999999999
2016-08-02,565.0516714285715
2016-08-03,577.3157714285715
2016-08-04,576.5590857142857
2016-08-05,588.2312714285714
2016-08-06,594.2748857142858
2016-08-07,592.6975
2016-08-08,588.7753875
2016-08-09,592.1899
2016-08-10,589.24185
2016-08-11,587.7556
2016-08-12,586.4345375
2016-08-13,570.9764142857142
2016-08-14,570.1422249999999
2016-08-15,581.1185875
2016-08-16,575.518
2016-08-17,576.0360875
2016-08-18,576.657075
2016-08-19,583.2078625
2016-08-20,582.821675
2016-08-21,588.9727625
2016-08-22,586.18515
2016-08-23,582.8479875
2016-08-24,579.86365
2016-08-25,581.07245
2016-08-26,571.5419875
2016-08-27,576.534
2016-08-28,575.2244125
2016-08-29,578.616575
2016-08-30,574.8279375
2016-08-31,572.818375
2016-09-01,576.218
2016-09-02,600.8860875
2016-09-03,610.59875
2016-09-04,608.10975
2016-09-05,611.097475
2016-09-06,614.4637625
2016-09-07,627.777875
2016-09-08,625.0708999999999
2016-09-09,625.7635
2016-09-10,608.15855
2016-09-11,609.6705
2016-09-12,610.928125
2016-09-13,612.0847375
2016-09-14,610.386125
2016-09-15,609.11465
2016-09-16,608.006875
2016-09-17,611.5859
2016-09-18,610.1965
2016-09-19,609.74875
2016-09-20,598.884875
2016-09-21,597.4226
2016-09-22,604.2225
2016-09-23,603.8854
2016-09-24,601.7472375
2016-09-25,608.1469625
2016-09-26,605.9622125
2016-09-27,605.679475
2016-09-28,606.36375
2016-09-29,609.3962875
2016-09-30,614.8238
2016-10-01,610.5189124999999
2016-10-02,611.8511
2016-10-03,609.6248125
2016-10-04,612.3522875
2016-10-05,612.08875
2016-10-06,617.21035
2016-10-07,618.046
2016-10-08,615.65675
2016-10-09,617.54825
2016-10-10,639.30995
2016-10-11,635.0139375
2016-10-12,635.9650875
2016-10-13,639.5656428571428
2016-10-14,637.9498571428572
2016-10-15,641.425125
2016-10-16,638.1833875
2016-10-17,636.2965
2016-10-18,629.253675
2016-10-19,630.22705
2016-10-20,631.9242125
2016-10-21,655.4886625
2016-10-22,653.0028625
2016-10-23,651.396425
2016-10-24,655.3199500000001
2016-10-25,672.2214125
2016-10-26,682.2239625
2016-10-27,687.6883375
2016-10-28,714.89545
2016-10-29,698.0033999999999
2016-10-30,702.0015125
2016-10-31,728.2068875
2016-11-01,733.336125
2016-11-02,686.170875
2016-11-03,703.6940875
2016-11-04,704.7909
2016-11-05,712.00325
2016-11-06,703.819
2016-11-07,708.974875
2016-11-08,720.9301
2016-11-09,713.690125
2016-11-10,715.4593
2016-11-11,703.718
2016-11-12,701.901125
2016-11-13,706.467875
2016-11-14,710.910125
2016-11-15,736.9143750000001
2016-11-16,736.9615
2016-11-17,747.5217625
2016-11-18,750.030875
2016-11-19,729.066625
2016-11-20,738.537625
2016-11-21,748.749375
2016-11-22,741.6384
2016-11-23,737.450375
2016-11-24,739.786125
2016-11-25,733.673
2016-11-26,727.9655
2016-11-27,733.0521249999999
2016-11-28,732.712125
2016-11-29,742.6967625
2016-11-30,752.246125
2016-12-01,772.43725
2016-12-02,764.339625
2016-12-03,764.81625
2016-12-04,754.6397499999999
2016-12-05,756.6215
2016-12-06,766.1166375
2016-12-07,769.72975
2016-12-08,770.028125
2016-12-09,773.40125
2016-12-10,768.303125
2016-12-11,777.006875
2016-12-12,778.4935
2016-12-13,774.897
2016-12-14,776.75215
2016-12-15,781.5683750000001
2016-12-16,788.7055
2016-12-17,788.40575
2016-12-18,789.524125
2016-12-19,793.0901375
2016-12-20,824.2189375
2016-12-21,860.599875
2016-12-22,901.3182375
2016-12-23,891.6126125
2016-12-24,886.9003749999999
2016-12-25,897.335375
2016-12-26,930.376
2016-12-27,967.480375
2016-12-28,963.381625
2016-12-29,952.156375
2016-12-30,959.879875
2016-12-31,997.729875
2017-01-01,1015.9771125
2017-01-02,1023.141875
2017-01-03,1126.7633375
2017-01-04,994.674875
2017-01-05,883.099175
2017-01-06,896.830375
2017-01-07,908.1490375
2017-01-08,894.18025
2017-01-09,906.0569142857142
2017-01-10,785.2237375
2017-01-11,803.372375
2017-01-12,826.2956625
2017-01-13,817.912875
2017-01-14,822.2076
2017-01-15,830.505125
2017-01-16,903.84575
2017-01-17,874.9949625
2017-01-18,895.798875
2017-01-19,893.6210875
2017-01-20,920.4479
2017-01-21,918.603625
2017-01-22,922.0736125
2017-01-23,890.320225
2017-01-24,893.045625
2017-01-25,915.95625
2017-01-26,919.27975
2017-01-27,920.31225
2017-01-28,915.933
2017-01-29,921.1793250000001
2017-01-30,964.706075
2017-01-31,979.7038749999999
2017-02-01,1007.6137125
2017-02-02,1013.027
2017-02-03,1030.9994125
2017-02-04,1014.837725
2017-02-05,1024.01375
2017-02-06,1050.1100000000001
2017-02-07,1052.3766125
2017-02-08,976.1030000000001
2017-02-09,999.1034999999999
2017-02-10,1008.8466625
2017-02-11,1000.604625
2017-02-12,999.877375
2017-02-13,1011.78025
2017-02-14,1012.3259875
2017-02-15,1035.2081249999999
2017-02-16,1055.53685
2017-02-17,1056.6371374999999
2017-02-18,1052.7792857142856
2017-02-19,1084.7550125
2017-02-20,1123.7884285714285
2017-02-21,1123.2231875
2017-02-22,1172.01715
2017-02-23,1174.86625
2017-02-24,1150.6057142857142
2017-02-25,1175.0497500000001
2017-02-26,1190.75195
2017-02-27,1187.5652857142857
2017-02-28,1222.4994000000002
2017-03-01,1259.4108166666667
2017-03-02,1285.14
2017-03-03,1267.0272
2017-03-04,1270.9333
2017-03-05,1275.197375
2017-03-06,1238.4470000000001
2017-03-07,1157.3933
2017-03-08,1192.4691428571427
2017-03-09,1098.6171285714286
2017-03-10,1179.159875
2017-03-11,1227.494625
2017-03-12,1239.816225
2017-03-13,1245.3707857142856
2017-03-14,1257.399625
2017-03-15,1180.945657142857
2017-03-16,1091.1718875
2017-03-17,952.2323625
2017-03-18,1029.8008125000001
2017-03-19,1049.0844875
2017-03-20,1118.6300428571428
2017-03-21,1028.7268625
2017-03-22,1038.789
2017-03-23,941.9197142857143
2017-03-24,959.3400857142857
2017-03-25,956.7863125
2017-03-26,1037.2292499999999
2017-03-27,1046.127625
2017-03-28,1040.5755
2017-03-29,1037.90455
2017-03-30,1079.5493142857142
2017-03-31,1086.9295714285713
2017-04-01,1099.169125
2017-04-02,1141.813
2017-04-03,1141.6003625
2017-04-04,1133.0793142857142
2017-04-05,1196.3079375
2017-04-06,1190.45425
2017-04-07,1181.1498375
2017-04-08,1208.8005
2017-04-09,1207.744875
2017-04-10,1226.6170375
2017-04-11,1218.92205
2017-04-12,1180.0237125
2017-04-13,1185.2600571428572
2017-04-14,1184.8806714285713
2017-04-15,1186.9274125
2017-04-16,1205.634875
2017-04-17,1216.1867428571427
2017-04-18,1217.9300875
2017-04-19,1241.6863250000001
2017-04-20,1258.3614125
2017-04-21,1261.311225
2017-04-22,1257.9881125
2017-04-23,1262.902775
2017-04-24,1279.4146875000001
2017-04-25,1309.109875
2017-04-26,1345.3539125
2017-04-27,1331.2944285714286
2017-04-28,1334.9790375
2017-04-29,1353.0045
2017-04-30,1417.1728125
2017-05-01,1452.0762875
2017-05-02,1507.5768571428573
2017-05-03,1508.292125
2017-05-04,1533.3350714285714
2017-05-05,1560.4102
2017-05-06,1535.8684285714285
2017-05-07,1640.619225
2017-05-08,1721.2849714285715
2017-05-09,1762.88625
2017-05-10,1820.9905625
2017-05-11,1720.4785
2017-05-12,1771.9200125
2017-05-13,1776.3165
2017-05-14,1723.1269375
2017-05-15,1739.031975
2017-05-16,1807.4850625
2017-05-17,1899.0828875
2017-05-18,1961.5204875
2017-05-19,2052.9097875
2017-05-20,2046.5344625
2017-05-21,2090.6623125
2017-05-22,2287.7102875
2017-05-23,2379.1938333333333
2017-05-24,2387.2062857142855
2017-05-25,2211.976857142857
2017-05-26,2014.0529625
2017-05-27,2192.9808
2017-05-28,2275.9307
2017-05-29,2239.2053428571426
2017-05-30,2285.9339142857143
2017-05-31,2399.2426714285716
2017-06-01,2446.142414285714
2017-06-02,2525.7651584699997
2017-06-03,2516.173142857143
2017-06-04,2698.3138125
2017-06-05,2883.3136966371426
2017-06-06,2664.9208625
2017-06-07,2792.9991875
2017-06-08,2827.4913
2017-06-09,2845.3728571428574
2017-06-10,2961.8296124999997
2017-06-11,2657.6750625
2017-06-12,2748.185085714286
2017-06-13,2447.0415625
2017-06-14,2442.48025
2017-06-15,2464.9598142857144
2017-06-16,2665.927
2017-06-17,2507.389252144286
2017-06-18,2617.2102625
2017-06-19,2754.97825
2017-06-20,2671.04325
2017-06-21,2727.2880125
2017-06-22,2710.4122857142856
2017-06-23,2589.1648875
2017-06-24,2512.3662857142854
2017-06-25,2436.4510571428573
2017-06-26,2517.9031142857143
2017-06-27,2585.349185714286
2017-06-28,2544.414475
2017-06-29,2477.641375
2017-06-30,2434.0778625
2017-07-01,2501.191342857143
2017-07-02,2561.225428571429
2017-07-03,2599.7298375
2017-07-04,2619.1875030042856
2017-07-05,2609.96775
2017-07-06,2491.201214285714
2017-07-07,2562.1306624999997
2017-07-08,2536.2389375
2017-07-09,2366.1701428571428
2017-07-10,2369.8621285714285
2017-07-11,2385.7485714285717
2017-07-12,2354.7834166666667
2017-07-13,2190.947833333333
2017-07-14,2058.9955999999997
2017-07-15,1931.2143
2017-07-16,2176.6234875
2017-07-17,2320.12225
2017-07-18,2264.7657
2017-07-19,2898.1884166666664
2017-07-20,2682.1953625
2017-07-21,2807.609857142857
2017-07-22,2725.549716666667
2017-07-23,2751.821028571429
2017-07-24,2560.9979166666667
2017-07-25,2495.028585714286
2017-07-26,2647.625
2017-07-27,2781.636583333333
2017-07-28,2722.512785714286
2017-07-29,2745.955416666666
2017-07-30,2866.431666666667
2017-07-31,2710.4130666666665
2017-08-01,2693.6339833333336
2017-08-02,2794.117716666666
2017-08-03,2873.8510833333335
2017-08-04,3218.1150166666666
2017-08-05,3252.5625333333332
2017-08-06,3407.2268333333336
2017-08-07,3457.374333333333
2017-08-08,3357.326316666667
2017-08-09,3424.4042000000004
2017-08-10,3632.5066666666667
2017-08-11,3852.8029142857145
2017-08-12,4125.54802
2017-08-13,4282.992
2017-08-14,4217.028328571429
2017-08-15,4360.876871428572
2017-08-16,4328.725716666667
2017-08-17,4130.440066666667
2017-08-18,4222.662214285714
2017-08-19,4157.958033333333
2017-08-20,4043.722
2017-08-21,4082.180983333333
2017-08-22,4174.95
2017-08-23,4340.316716666667
2017-08-24,4363.05445
2017-08-25,4360.5133166666665
2017-08-26,4354.308333333333
2017-08-27,4391.673516666667
2017-08-28,4607.98545
2017-08-29,4594.98785
2017-08-30,4748.255
2017-08-31,4911.740016666667
2017-09-01,4580.387479999999
2017-09-02,4648.159983333334
2017-09-03,4344.0983166666665
2017-09-04,4488.72014
2017-09-05,4641.822016666666
2017-09-06,4654.6585000000005
2017-09-07,4310.750183333334
2017-09-08,4375.55952
2017-09-09,4329.955
2017-09-10,4248.090016666666
2017-09-11,4219.036616666667
2017-09-12,3961.2712666666666
2017-09-13,3319.6299999999997
2017-09-14,3774.2652833333336
2017-09-15,3763.62604
2017-09-16,3746.060783333333
2017-09-17,4093.316666666667
2017-09-18,3943.4133333333334
2017-09-19,3977.5616666666665
2017-09-20,3658.8981833333332
2017-09-21,3637.5025499999997
2017-09-22,3776.3869
2017-09-23,3703.0406500000004
2017-09-24,3942.5550000000003
2017-09-25,3910.3073833333333
2017-09-26,4202.554983333333
2017-09-27,4201.98905
2017-09-28,4193.574666666666
2017-09-29,4335.368316666667
2017-09-30,4360.722966666667
2017-10-01,4386.88375
2017-10-02,4293.3066
2017-10-03,4225.175
2017-10-04,4338.852
2017-10-05,4345.6033333333335
2017-10-06,4376.191666666667
2017-10-07,4602.280883333334
2017-10-08,4777.967816666666
2017-10-09,4782.28
2017-10-10,4819.485766666667
2017-10-11,5325.130683333333
2017-10-12,5563.806566666666
2017-10-13,5739.438733333333
2017-10-14,5647.311666666667
2017-10-15,5711.205866666667
2017-10-16,5603.71294
2017-10-17,5546.176100000001
2017-10-18,5727.6335
2017-10-19,5979.45984
2017-10-20,6020.371683333334
2017-10-21,5983.184550000001
2017-10-22,5876.079866666667
2017-10-23,5505.827766666666
2017-10-24,5669.622533333334
2017-10-25,5893.138416666666
2017-10-26,5772.504983333333
2017-10-27,5776.6969500000005
2017-10-28,6155.43402
2017-10-29,6105.87422
2017-10-30,6388.645166666666
2017-10-31,6665.306683333333
2017-11-01,7068.020100000001
2017-11-02,7197.72006
2017-11-03,7437.543316666666
2017-11-04,7377.012366666667
2017-11-05,6989.071666666667
2017-11-06,7092.127233333333
2017-11-07,7415.878250000001
2017-11-08,7158.03706
2017-11-09,6719.39785
2017-11-10,6362.851033333333
2017-11-11,5716.301583333334
2017-11-12,6550.227533333334
2017-11-13,6635.412633333333
2017-11-14,7301.42992
2017-11-15,7815.0307
2017-11-16,7786.884366666666
2017-11-17,7817.1403833333325
2017-11-18,8007.654066666667
2017-11-19,8255.596816666666
2017-11-20,8059.8
2017-11-21,8268.035
2017-11-22,8148.95
2017-11-23,8250.978333333334
2017-11-24,8707.407266666667
2017-11-25,9284.1438
2017-11-26,9718.29505
2017-11-27,9952.50882
2017-11-28,9879.328333333333
2017-11-29,10147.372
2017-11-30,10883.912
2017-12-01,11071.368333333332
2017-12-02,11332.622
2017-12-03,11584.83
2017-12-04,11878.433333333334
2017-12-05,13540.980000000001
2017-12-06,16501.971666666668
2017-12-07,16007.436666666666
2017-12-08,15142.834152123332
2017-12-09,14869.805
2017-12-10,16762.116666666665
2017-12-11,17276.393333333333
2017-12-12,16808.366666666665
2017-12-13,16678.892
2017-12-14,17771.899999999998
2017-12-15,19498.683333333334
2017-12-16,19289.785
2017-12-17,18961.856666666667
2017-12-18,17737.111666666668
2017-12-19,16026.271666666667
2017-12-20,16047.51
2017-12-21,15190.945
2017-12-22,15360.261666666667
2017-12-23,13949.175000000001
2017-12-24,14119.028333333334
2017-12-25,15999.048333333332
2017-12-26,15589.321666666665
2017-12-27,14380.581666666667
2017-12-28,14640.14
2017-12-29,13215.573999999999
2017-12-30,14165.574999999999
2017-12-31,13812.186666666666
2018-01-01,15005.856666666667
2018-01-02,15053.261666666665
2018-01-03,15199.355000000001
2018-01-04,17174.12
2018-01-05,17319.198
2018-01-06,16651.471666666668
2018-01-07,15265.906666666668
2018-01-08,14714.253333333334
2018-01-09,15126.398333333333
2018-01-10,13296.794
2018-01-11,13912.882000000001
2018-01-12,14499.773333333333
2018-01-13,13852.92
2018-01-14,14012.196
2018-01-15,11180.998333333331
2018-01-16,11116.946666666669
2018-01-17,11345.423333333332
2018-01-18,11422.44
2018-01-19,12950.793333333333
2018-01-20,11505.228
2018-01-21,10544.593333333332
2018-01-22,11223.064
2018-01-23,11282.258333333333
2018-01-24,11214.44
2018-01-25,10969.815
2018-01-26,11524.776666666667
2018-01-27,11765.71
2018-01-28,11212.654999999999
2018-01-29,10184.061666666666
2018-01-30,10125.013333333334
2018-01-31,9083.258333333333
2018-02-01,8901.901666666667
2018-02-02,9076.678333333333
2018-02-03,8400.648333333333
2018-02-04,6838.816666666667
2018-02-05,7685.633333333334
2018-02-06,8099.958333333333
2018-02-07,8240.536666666667
2018-02-08,8535.516666666668
2018-02-09,8319.876566184
2018-02-10,8343.455
2018-02-11,8811.343333333332
2018-02-12,8597.7675
2018-02-13,9334.633333333333
2018-02-14,9977.154
2018-02-15,10127.161666666667
2018-02-16,10841.991666666667
2018-02-17,10503.298333333334
2018-02-18,11110.964999999998
2018-02-19,11390.391666666668
2018-02-20,10532.791666666666
2018-02-21,9931.071666666667
2018-02-22,10162.116666666667
2018-02-23,9697.956
2018-02-24,9696.593333333332
2018-02-25,10348.603333333334
2018-02-26,10763.883333333333
2018-02-27,10370.164999999999
2018-02-28,11009.381666666668
2018-03-01,11055.815
2018-03-02,11326.948333333334
2018-03-03,11430.181666666665
2018-03-04,11595.54
2018-03-05,10763.198333333334
2018-03-06,10118.058
2018-03-07,9429.111666666666
2018-03-08,9089.278333333334
2018-03-09,8746.002
2018-03-10,9761.396666666666
2018-03-11,9182.843333333332
2018-03-12,9154.699999999999
2018-03-13,8151.531666666667
2018-03-14,8358.121666666666
2018-03-15,8530.402
2018-03-16,7993.674643641666
2018-03-17,8171.415
2018-03-18,8412.033333333333
2018-03-19,8986.948333333334
2018-03-20,8947.753333333334
2018-03-21,8690.408333333333
2018-03-22,8686.826666666666
2018-03-23,8662.378333333334
2018-03-24,8617.296666666667
2018-03-25,8197.548333333334
2018-03-26,7876.195
2018-03-27,7960.38
2018-03-28,7172.28
2018-03-29,6882.531666666667
2018-03-30,6935.48
2018-03-31,6794.105
2018-04-01,7035.848333333332
2018-04-02,7410.435
2018-04-03,6787.761666666666
2018-04-04,6826.509999999999
2018-04-05,6603.876666666667
2018-04-06,6927.688
2018-04-07,7017.656666666667
2018-04-08,6699.2733333333335
2018-04-09,6787.571666666667
2018-04-10,6926.266666666666
2018-04-11,7847.845
2018-04-12,7895.408333333333
2018-04-13,8036.511051408333
2018-04-14,8340.748333333333
2018-04-15,8043.803333333333
2018-04-16,7895.416925956
2018-04-17,8164.937425765001
2018-04-18,8254.625
2018-04-19,8852.718333333332
2018-04-20,8807.205
2018-04-21,8838.548333333334
2018-04-22,8933.861666666666
2018-04-23,9555.542
2018-04-24,8995.506666666666
2018-04-25,9258.398333333333
2018-04-26,9010.32
2018-04-27,9326.173333333334
2018-04-28,9334.281666666668
2018-04-29,9259.57
2018-04-30,9075.136666666667
2018-05-01,9221.426
2018-05-02,9639.268333333333
2018-05-03,9710.730000000001
2018-05-04,9803.306666666665
2018-05-05,9630.136276683334
2018-05-06,9345.689999999999
2018-05-07,9228.608333333334
2018-05-08,9322.041666666666
2018-05-09,9101.483333333334
2018-05-10,8468.788
2018-05-11,8484.346666666666
2018-05-12,8727.651666666667
2018-05-13,8652.038333333332
2018-05-14,8511.458
2018-05-15,8340.703333333333
2018-05-16,8106.118333333333
2018-05-17,8240.055
2018-05-18,8223.288333333334
2018-05-19,8507.406666666668
2018-05-20,8385.556186928334
2018-05-21,8015.580000000001
2018-05-22,7555.740000000001
2018-05-23,7566.193333333334
2018-05-24,7445.238333333334
2018-05-25,7342.908333333333
2018-05-26,7361.831666666666
2018-05-27,7130.541666666667
2018-05-28,7459.876666666667
2018-05-29,7385.395
2018-05-30,7491.433999999999
2018-05-31,7535.1466666666665
2018-06-01,7645.1466666666665
2018-06-02,7699.886
2018-06-03,7500.2733333333335
2018-06-04,7615.722142096667
2018-06-05,7655.613333333334
2018-06-06,7676.2716666666665
2018-06-07,7620.153333333333
2018-06-08,7564.408333333333
2018-06-09,6776.888333333333
2018-06-10,6875.678333333333
2018-06-11,6535.081666666666
2018-06-12,6315.7
2018-06-13,6647.013333333333
2018-06-14,6434.088000000001
2018-06-15,6509.426666666666
2018-06-16,6464.411666666667
2018-06-17,6713.488
2018-06-18,6737.0
2018-06-19,6714.718333333333
2018-06-20,6733.901666666668
2018-06-21,6332.573333333334
2018-06-22,6141.605833333334
2018-06-23,6037.008333333334
2018-06-24,6211.447499999999
2018-06-25,6218.595
2018-06-26,6105.295000000001
2018-06-27,6107.8961538461535
2018-06-28,5908.702499999999
2018-06-29,6381.390833333334
2018-06-30,6374.754166666667
2018-07-01,6466.069166666667
2018-07-02,6613.685833333333
2018-07-03,6593.2891666666665
2018-07-04,6603.376666666667
2018-07-05,6569.496153846154
2018-07-06,6594.281666666667
2018-07-07,6753.559166666666
2018-07-08,6723.8725
2018-07-09,6510.791666666667
2018-07-10,6377.363333333334
2018-07-11,6233.595
2018-07-12,6244.357499999999
2018-07-13,6241.0
2018-07-14,6316.881666666667
2018-07-15,6514.390833333334
2018-07-16,6869.910833333332
2018-07-17,7398.661666666667
2018-07-18,7396.401666666666
2018-07-19,7428.045000000001
2018-07-20,7352.495384615385
2018-07-21,7451.2891666666665
2018-07-22,7689.884166666667
2018-07-23,8112.93
2018-07-24,8251.164999999999
2018-07-25,8187.324166666666
2018-07-26,8025.2575
2018-07-27,8182.251666666667
2018-07-28,8206.341666666667
2018-07-29,8143.1483333333335
2018-07-30,7916.800833333334
2018-07-31,7570.869166666666
2018-08-01,7593.149166666667
2018-08-02,7394.499166666667
2018-08-03,7247.769166666666
2018-08-04,6998.718333333333
2018-08-05,6988.079166666666
2018-08-06,6993.513333333333
2018-08-07,6450.366923076922
2018-08-08,6396.7725
2018-08-09,6396.4946666666665
2018-08-10,6195.653333333335
2018-08-11,6311.131666666667
2018-08-12,6347.07
2018-08-13,6050.942500000001
2018-08-14,6362.676923076923
2018-08-15,6342.629230769231
2018-08-16,6476.900000000001
2018-08-17,6436.720833333334
2018-08-18,6404.063333333334
2018-08-19,6434.559166666667
2018-08-20,6401.246153846154
2018-08-21,6575.229166666667
2018-08-22,6434.881666666667
2018-08-23,6543.645714285715
2018-08-24,6719.429230769231
2018-08-25,6673.274166666666
2018-08-26,6719.266153846153
2018-08-27,7000.040000000002
2018-08-28,7054.276428571429
2018-08-29,6932.662499999999
2018-08-30,6981.9461538461555
2018-08-31,7100.946666666667
2018-09-01,7247.9353846153845
2018-09-02,7260.949230769231
2018-09-03,7326.8525
2018-09-04,7113.069230769231
2018-09-05,6433.2716666666665
2018-09-06,6444.804166666668
2018-09-07,6366.107500000001
2018-09-08,6286.425833333334
2018-09-09,6297.877692307693
2018-09-10,6296.320833333334
2018-09-11,6273.1375
2018-09-12,6450.179230769231
2018-09-13,6499.0625
2018-09-14,6518.655000000002
2018-09-15,6480.644166666668
2018-09-16,6400.600833333334
2018-09-17,6296.631666666667
2018-09-18,6335.826666666665
2018-09-19,6418.562666666668
2018-09-20,6669.990833333333
2018-09-21,6709.312500000001
2018-09-22,6710.445000000001
2018-09-23,6639.304166666666
2018-09-24,6412.459166666667
2018-09-25,6468.631666666668
2018-09-26,6535.4766666666665
2018-09-27,6677.342500000002
2018-09-28,6550.474166666667
2018-09-29,6593.135000000001
2018-09-30,6590.968333333334
2018-10-01,6562.641666666666
2018-10-02,6470.402500000001
2018-10-03,6563.628333333333
2018-10-04,6568.549166666667
2018-10-05,6581.486666666667
2018-10-06,6558.537499999999
2018-10-07,6618.567692307693
2018-10-08,6621.711666666667
2018-10-09,6563.009166666667
2018-10-10,6248.635833333334
2018-10-11,6260.530833333333
2018-10-12,6260.645833333335
2018-10-13,6299.399166666666
2018-10-14,6452.571666666667
2018-10-15,6596.618333333333
2018-10-16,6596.276153846155
2018-10-17,6568.040769230769
2018-10-18,6487.444166666667
2018-10-19,6488.825833333333
2018-10-20,6531.6016666666665
2018-10-21,6498.485833333333
2018-10-22,6481.425999999999
2018-10-23,6508.31
2018-10-24,6478.0825
2018-10-25,6473.753333333334
2018-10-26,6465.9175000000005
2018-10-27,6448.221666666667
2018-10-28,6382.668333333332
2018-10-29,6309.4528571428555
2018-10-30,6310.284166666667
2018-10-31,6342.280833333334
2018-11-01,6387.674166666667
2018-11-02,6363.795833333334
2018-11-03,6391.873333333333
2018-11-04,6436.965
2018-11-05,6445.354166666667
2018-11-06,6538.79
2018-11-07,6486.251666666667
2018-11-08,6411.280833333333
2018-11-09,6399.033333333333
2018-11-10,6378.268333333333
2018-11-11,6401.936666666667
2018-11-12,6372.063333333333
2018-11-13,6176.155
2018-11-14,5615.179999999999
2018-11-15,5596.1925
2018-11-16,5558.243333333333
2018-11-17,5606.044166666667
2018-11-18,5303.9425
2018-11-19,4671.97
2018-11-20,4533.680833333334
2018-11-21,4548.7975
2018-11-22,4309.337500000001
2018-11-23,4293.840833333333
2018-11-24,3823.5116666666668
2018-11-25,3920.5366666666664
2018-11-26,3751.6683333333344
2018-11-27,4103.453846153846
2018-11-28,4263.783333333334
2018-11-29,4106.871666666667
2018-11-30,4116.777499999999
2018-12-01,4167.546666666666
2018-12-02,3967.5241666666666
2018-12-03,3961.493333333334
2018-12-04,3858.3491666666664
2018-12-05,3742.943333333334
2018-12-06,3405.6433333333334
2018-12-07,3435.34
2018-12-08,3528.8033333333333
2018-12-09,3523.9600000000005
2018-12-10,3426.19
2018-12-11,3462.0399999999995
2018-12-12,3406.7625000000007
2018-12-13,3278.3741666666665
2018-12-14,3225.299166666667
2018-12-15,3271.238333333333
2018-12-16,3392.405
2018-12-17,3567.47
2018-12-18,3808.0424999999996
2018-12-19,3982.850833333334
2018-12-20,4015.6091666666666
2018-12-21,3910.973333333333
2018-12-22,4027.478333333334
2018-12-23,4178.590833333333
2018-12-24,3813.879999999999
2018-12-25,3825.3791666666675
2018-12-26,3747.839166666666
2018-12-27,3743.905
2018-12-28,3912.285833333334
2018-12-29,3832.9216666666666
2018-12-30,3791.5458333333336
2018-12-31,3752.271666666667
2019-01-01,3867.138333333334
2019-01-02,3865.7975
2019-01-03,3822.626666666667
2019-01-04,3868.4875000000006
2019-01-05,3920.4566666666665
2019-01-06,4036.093333333333
2019-01-07,4035.8549999999996
2019-01-08,4034.138333333333
2019-01-09,3812.5858333333326
2019-01-10,3656.7358333333327
2019-01-11,3646.3458333333333
2019-01-12,3599.841666666667
2019-01-13,3604.1175
2019-01-14,3656.7850000000003
2019-01-15,3621.2708333333335
2019-01-16,3619.9641666666666
2019-01-17,3632.395
2019-01-18,3690.523333333333
2019-01-19,3620.1275
2019-01-20,3548.4275
2019-01-21,3558.924166666666
2019-01-22,3579.896666666666
2019-01-23,3567.299166666667
2019-01-24,3572.735
2019-01-25,3589.2608333333337
2019-01-26,3567.763333333334
2019-01-27,3458.066666666667
2019-01-28,3417.1675
2019-01-29,3452.223333333333
2019-01-30,3454.008823529412
2019-01-31,3454.194615384615
2019-02-01,3470.0791666666664
2019-02-02,3468.3050000000003
2019-02-03,3452.3283333333334
2019-02-04,3458.703333333333
2019-02-05,3406.8208333333337
2019-02-06,3403.9641666666666
2019-02-07,3498.868333333334
2019-02-08,3652.2116666666666
2019-02-09,3645.2766666666666
2019-02-10,3634.769999999999
2019-02-11,3624.155833333334
2019-02-12,3623.0716666666667
2019-02-13,3609.869166666667
2019-02-14,3610.7483333333334
2019-02-15,3630.396666666666
2019-02-16,3631.5533333333333
2019-02-17,3810.7815384615387
2019-02-18,3933.1433333333334
2019-02-19,3951.565
2019-02-20,3948.411666666667
2019-02-21,3968.6566666666663
2019-02-22,4018.0441666666666
2019-02-23,4020.1258333333335
2019-02-24,3829.568333333334
2019-02-25,3833.3108333333334
2019-02-26,3832.613076923077
2019-02-27,3843.5833333333335
2019-02-28,3842.1391666666664
2019-03-01,3827.4874999999993
2019-03-02,3827.6908333333326
2019-03-03,3749.568333333333
2019-03-04,3793.2608333333337
2019-03-05,3863.3333333333335
2019-03-06,3888.7016666666673
2019-03-07,3905.058333333333
2019-03-08,3919.5658333333336
2019-03-09,3922.6150000000002
2019-03-10,3896.718333333333
2019-03-11,3880.7675
2019-03-12,3881.3792307692306
2019-03-13,3883.9892857142854
2019-03-14,3918.0866666666666
2019-03-15,4011.092500000001
2019-03-16,3994.3483333333334
2019-03-17,3998.4975
2019-03-18,4008.6583333333333
2019-03-19,4025.0258333333327
2019-03-20,4026.6358333333333
2019-03-21,4000.3350000000005
2019-03-22,4006.1158333333333
2019-03-23,3995.3233333333333
2019-03-24,3977.4541666666664
2019-03-25,3933.9541666666664
2019-03-26,4011.3658333333333
2019-03-27,4034.056666666666
2019-03-28,4075.5264285714293
2019-03-29,4107.340833333334
2019-03-30,4109.316666666667
2019-03-31,4145.108461538462
2019-04-01,4675.1125
2019-04-02,5018.498333333334
2019-04-03,4970.849166666668
2019-04-04,4980.8983333333335
2019-04-05,5042.517692307692
2019-04-06,5126.8341666666665
2019-04-07,5214.276666666666
2019-04-08,5197.750769230769
2019-04-09,5251.1900000000005
2019-04-10,5111.7707692307695
2019-04-11,5031.474999999999
2019-04-12,5076.3
2019-04-13,5077.805
2019-04-14,5114.854166666667
2019-04-15,5109.946666666667
2019-04-16,5214.574166666666
2019-04-17,5263.397499999999
2019-04-18,5255.614166666667
2019-04-19,5302.9575
2019-04-20,5274.145833333333
2019-04-21,5305.275000000001
2019-04-22,5527.801666666666
2019-04-23,5465.514999999999
2019-04-24,5421.526666666667
2019-04-25,5280.616666666666
2019-04-26,5281.809166666665
2019-04-27,5306.695000000001
2019-04-28,5277.883333333334
2019-04-29,5262.363333333334
2019-04-30,5310.173333333334
2019-05-01,5364.991666666667
2019-05-02,5633.7475
2019-05-03,5697.923333333333
2019-05-04,5718.229166666667
2019-05-05,5654.353333333333
2019-05-06,5863.5233333333335
2019-05-07,5851.670769230769
2019-05-08,6056.4175
2019-05-09,6302.6125
2019-05-10,6833.350833333334
2019-05-11,7152.484166666666
2019-05-12,7447.114166666666
2019-05-13,8005.250833333334
2019-05-14,8063.895833333333
2019-05-15,7979.575000000001
2019-05-16,7265.963333333332
2019-05-17,7338.520833333332
2019-05-18,7894.926666666666
2019-05-19,7926.704999999999
2019-05-20,7954.808333333333
2019-05-21,7896.510833333333
2019-05-22,7688.525833333332
2019-05-23,7972.719166666667
2019-05-24,8046.107692307693
2019-05-25,8114.932499999999
2019-05-26,8779.970833333333
2019-05-27,8727.900833333333
2019-05-28,8646.195000000002
2019-05-29,8641.891666666668
2019-05-30,8342.770000000002
2019-05-31,8543.03
2019-06-01,8663.6425
2019-06-02,8546.171666666667
2019-06-03,7848.4158333333335
2019-06-04,7765.688333333334
2019-06-05,7756.9575
2019-06-06,7920.945000000001
2019-06-07,7941.221666666667
2019-06-08,7817.768333333333
2019-06-09,7815.135833333333
2019-06-10,7914.5391666666665
2019-06-11,8033.306666666667
2019-06-12,8163.663333333334
2019-06-13,8342.24076923077
2019-06-14,8721.645
2019-06-15,9096.285833333333
2019-06-16,9227.124999999998
2019-06-17,9160.0675
2019-06-18,9147.005
2019-06-19,9346.0725
2019-06-20,9791.017499999998
2019-06-21,10730.391666666666
2019-06-22,10748.011666666667
2019-06-23,10851.848333333333
2019-06-24,11314.76153846154
2019-06-25,12686.38833333333
2019-06-26,11834.124166666668
2019-06-27,11665.575833333334
2019-06-28,11886.886153846155
2019-06-29,11545.633333333331
