Date,volume
2016-07-01,45483640.65408339
2016-07-02,57134569.798589006
2016-07-03,33361880.20755163
2016-07-04,31161665.02804933
2016-07-05,27360174.458261672
2016-07-06,93994828.71333286
2016-07-07,46643049.376544565
2016-07-08,78574448.68600912
2016-07-09,28357316.102029968
2016-07-10,26402272.48181793
2016-07-11,48343367.13486464
2016-07-12,53026862.77232912
2016-07-13,34318017.313809544
2016-07-14,26928546.839285374
2016-07-15,13030366.55815039
2016-07-16,26346610.596016515
2016-07-17,30616321.58581428
2016-07-18,18855335.642488822
2016-07-19,21835386.17013677
2016-07-20,19396531.87257841
2016-07-21,36015630.8103621
2016-07-22,22033362.322805755
2016-07-23,23219394.381669026
2016-07-24,22293453.09391153
2016-07-25,30492846.559064753
2016-07-26,27438393.389753077
2016-07-27,16449698.25465171
2016-07-28,16612345.86951323
2016-07-29,11399491.459813222
2016-07-30,38521947.408930235
2016-07-31,39937694.381306626
2016-08-01,57403494.653400615
2016-08-02,48103787.928474
2016-08-03,24001987.504158802
2016-08-04,16566325.510409888
2016-08-05,24272426.916998588
2016-08-06,20475426.290076792
2016-08-07,15361103.591248045
2016-08-08,15780612.333715733
2016-08-09,34991566.079817295
2016-08-10,26073725.34358144
2016-08-11,15437752.076322343
2016-08-12,11882577.720661648
2016-08-13,15817470.274456559
2016-08-14,19039255.2066699
2016-08-15,20633789.33174016
2016-08-16,21788909.85149328
2016-08-17,24259885.20552654
2016-08-18,15567926.13549017
2016-08-19,16537121.829441033
2016-08-20,15404607.043007113
2016-08-21,19463587.599394135
2016-08-22,19520117.274630975
2016-08-23,17189751.05217095
2016-08-24,18023876.408600245
2016-08-25,12305907.424314784
2016-08-26,11038371.152134756
2016-08-27,6969155.035667743
2016-08-28,13006720.339841172
2016-08-29,15352375.32494796
2016-08-30,15333990.49557455
2016-08-31,14999479.54839048
2016-09-01,15043105.566588867
2016-09-02,40400922.254320584
2016-09-03,22587938.84044743
2016-09-04,22519218.62528109
2016-09-05,14155539.592708783
2016-09-06,16922951.237458926
2016-09-07,21304907.482636098
2016-09-08,16550749.952060752
2016-09-09,13826608.287564546
2016-09-10,19748109.564706508
2016-09-11,24913919.868142404
2016-09-12,32818905.112867605
2016-09-13,15168677.680112895
2016-09-14,11891587.395277543
2016-09-15,12836700.34517858
2016-09-16,8953094.94796302
2016-09-17,9289978.563723823
2016-09-18,12354975.676953206
2016-09-19,13349846.124487473
2016-09-20,20607535.0871256
2016-09-21,12923838.334123792
2016-09-22,12358708.783064608
2016-09-23,6905876.288540798
2016-09-24,6562797.42036544
2016-09-25,14621404.89753159
2016-09-26,12980365.428437835
2016-09-27,9494530.323366642
2016-09-28,12937983.999938054
2016-09-29,12885196.887565492
2016-09-30,7094655.178531651
2016-10-01,9087020.024980566
2016-10-02,11646426.405317659
2016-10-03,12709516.175455404
2016-10-04,11326509.250925671
2016-10-05,10859575.08725039
2016-10-06,15826419.301559234
2016-10-07,7779460.198927116
2016-10-08,6954834.42997824
2016-10-09,13372142.533441262
2016-10-10,29027519.158250164
2016-10-11,14634705.609575948
2016-10-12,14355952.057363158
2016-10-13,12472092.762440188
2016-10-14,6525990.941338596
2016-10-15,6985758.748221971
2016-10-16,15611329.769091038
2016-10-17,14579936.517712481
2016-10-18,20346645.90277418
2016-10-19,12216884.504326392
2016-10-20,16705327.889886469
2016-10-21,22686988.344559554
2016-10-22,11562593.899480939
2016-10-23,17690445.870382972
2016-10-24,23862151.32722688
2016-10-25,32748237.896114662
2016-10-26,26863753.64907469
2016-10-27,22221917.84139443
2016-10-28,29728643.80123049
2016-10-29,21222263.792321637
2016-10-30,23116856.38100145
2016-10-31,41882993.08351015
2016-11-01,24177015.544394836
2016-11-02,56296677.021922745
2016-11-03,29358873.293267153
2016-11-04,14017411.023604922
2016-11-05,15385463.926390963
2016-11-06,13568019.080829352
2016-11-07,21720391.236468986
2016-11-08,40308934.74436853
2016-11-09,18345512.554665778
2016-11-10,14008613.891748253
2016-11-11,13568553.688843166
2016-11-12,19900672.856211733
2016-11-13,20324888.3717734
2016-11-14,22288622.30351003
2016-11-15,44865031.15067332
2016-11-16,36131321.21770813
2016-11-17,22349404.1599065
2016-11-18,15115192.245199867
2016-11-19,26489236.672689494
2016-11-20,18741837.41861697
2016-11-21,25591017.709747355
2016-11-22,19866229.8841036
2016-11-23,16755125.577681024
2016-11-24,14432748.706685813
2016-11-25,12319132.964775683
2016-11-26,11359826.806550382
2016-11-27,17786517.7480325
2016-11-28,18774731.952676114
2016-11-29,21330877.48382009
2016-11-30,26804422.492278427
2016-12-01,33314155.044447843
2016-12-02,15079718.405659718
2016-12-03,11710058.47249938
2016-12-04,26745481.446420282
2016-12-05,20977699.216424413
2016-12-06,23775580.353968643
2016-12-07,18396293.927808
2016-12-08,16139725.074413015
2016-12-09,11258173.04152307
2016-12-10,10790493.55460276
2016-12-11,19721035.416289408
2016-12-12,20077997.9098794
2016-12-13,14993051.05091285
2016-12-14,15357872.532293279
2016-12-15,17973313.885113414
2016-12-16,17068492.255287778
2016-12-17,10243644.93459555
2016-12-18,15301931.73893629
2016-12-19,19671152.5655045
2016-12-20,44854043.026322275
2016-12-21,54177733.57533249
2016-12-22,71128607.5418054
2016-12-23,36632649.452525035
2016-12-24,31411463.344155725
2016-12-25,30528384.492602374
2016-12-26,36349743.369637854
2016-12-27,58947752.62192145
2016-12-28,49469080.76090559
2016-12-29,55218054.01763414
2016-12-30,20372836.66994757
2016-12-31,33991911.05897632
2017-01-01,57597031.98137848
2017-01-02,41550985.515730955
2017-01-03,143134274.56983486
2017-01-04,208498259.7930426
2017-01-05,134165115.23789297
2017-01-06,97175659.27985388
2017-01-07,55303632.48432932
2017-01-08,41076985.165461
2017-01-09,31485218.71429535
2017-01-10,131253668.4078732
2017-01-11,76636270.25602649
2017-01-12,55509952.11563386
2017-01-13,27475928.306425694
2017-01-14,15757955.971683078
2017-01-15,22109924.90628197
2017-01-16,66791560.406611934
2017-01-17,51289482.24876107
2017-01-18,43734448.33771
2017-01-19,27016866.76275787
2017-01-20,31572727.70973658
2017-01-21,41096750.85565452
2017-01-22,24607895.53005694
2017-01-23,43906538.86741937
2017-01-24,29651242.14920385
2017-01-25,26226846.707464296
2017-01-26,24900535.156715058
2017-01-27,12103240.458089076
2017-01-28,8485259.812167948
2017-01-29,14680425.28053736
2017-01-30,50109300.357485116
2017-01-31,35717457.43385989
2017-02-01,49171054.91265412
2017-02-02,54515239.48692956
2017-02-03,43595760.47694484
2017-02-04,32909742.49056232
2017-02-05,27544311.114128727
2017-02-06,40471212.353163786
2017-02-07,63366305.51740329
2017-02-08,141974564.61620772
2017-02-09,64475260.19908332
2017-02-10,29598254.94199764
2017-02-11,14753502.29439118
2017-02-12,29689012.949139353
2017-02-13,39199176.35124729
2017-02-14,22919392.2049625
2017-02-15,41105343.50097638
2017-02-16,50584844.50901646
2017-02-17,29732832.51673826
2017-02-18,18054662.2987521
2017-02-19,32526100.41369879
2017-02-20,67820657.9251045
2017-02-21,59657200.093271285
2017-02-22,70101141.96999004
2017-02-23,137557162.43656254
2017-02-24,44343352.24492109
2017-02-25,32750847.123128362
2017-02-26,39226303.274664536
2017-02-27,44954233.92674727
2017-02-28,60151968.377197854
2017-03-01,83439118.76588912
2017-03-02,64767014.966313675
2017-03-03,30448848.511100117
2017-03-04,27572866.812270917
2017-03-05,38898409.98370173
2017-03-06,102987980.74901986
2017-03-07,101928717.12295525
2017-03-08,64999435.16003756
2017-03-09,227913163.14667737
2017-03-10,82143460.83637705
2017-03-11,52464174.42203355
2017-03-12,67990532.0203525
2017-03-13,51575349.191295885
2017-03-14,48633668.4881237
2017-03-15,125468036.18318745
2017-03-16,145734375.19879827
2017-03-17,167014110.7836648
2017-03-18,94921242.90584181
2017-03-19,58718869.96288475
2017-03-20,78169421.51979661
2017-03-21,97353030.7961921
2017-03-22,47857364.16172551
2017-03-23,83342548.58983836
2017-03-24,104602038.36913723
2017-03-25,71646630.04780254
2017-03-26,79080569.24120276
2017-03-27,70342663.94495207
2017-03-28,61677763.73387659
2017-03-29,65011056.2650536
2017-03-30,75018988.16812257
2017-03-31,40562346.19171107
2017-04-01,59295644.25587124
2017-04-02,90396475.17006625
2017-04-03,67370298.17887816
2017-04-04,58001639.01304203
2017-04-05,92291084.78897868
2017-04-06,60427563.19576686
2017-04-07,31335396.147668086
2017-04-08,45470746.36708978
2017-04-09,41204040.55288183
2017-04-10,39985187.81933621
2017-04-11,41882984.8895408
2017-04-12,61700362.55843429
2017-04-13,43219939.69092474
2017-04-14,21547006.668841098
2017-04-15,19916836.26311818
2017-04-16,45260449.243080854
2017-04-17,51782316.24403811
2017-04-18,38464163.437011
2017-04-19,61652281.026328936
2017-04-20,42287714.16804253
2017-04-21,47589977.23383464
2017-04-22,48203962.263300814
2017-04-23,39096538.33477005
2017-04-24,45876269.76824805
2017-04-25,64754541.495937236
2017-04-26,62204334.61485792
2017-04-27,61518505.25318574
2017-04-28,45569576.92016287
2017-04-29,43853713.714990795
2017-04-30,102136864.53701383
2017-05-01,86306466.16076525
2017-05-02,98768076.02241386
2017-05-03,178681011.55674708
2017-05-04,136654833.4594339
2017-05-05,68907283.75413479
2017-05-06,62492472.18849168
2017-05-07,139627613.28551883
2017-05-08,167512042.52841023
2017-05-09,131817395.91052718
2017-05-10,151505814.83102825
2017-05-11,139214052.65164253
2017-05-12,111469417.308369
2017-05-13,61547076.230614714
2017-05-14,102816017.7328264
2017-05-15,108385267.36933565
2017-05-16,132248945.78021987
2017-05-17,110766531.51847771
2017-05-18,154137281.04762277
2017-05-19,136549462.17992795
2017-05-20,128454137.15352945
2017-05-21,295717901.86295235
2017-05-22,203482045.58008078
2017-05-23,248904779.14844665
2017-05-24,401279047.70303935
2017-05-25,324426983.6410173
2017-05-26,321289966.61279124
2017-05-27,185870201.0672532
2017-05-28,133826839.14723794
2017-05-29,148703191.10427397
2017-05-30,204425185.1255558
2017-05-31,198826825.00748628
2017-06-01,122456001.78464411
2017-06-02,129006639.1283743
2017-06-03,120095754.43380383
2017-06-04,168803116.2943173
2017-06-05,371264851.94856316
2017-06-06,205713695.0411865
2017-06-07,174094195.56920913
2017-06-08,108367646.93500721
2017-06-09,154123952.09749928
2017-06-10,181774994.37694332
2017-06-11,393739719.8560203
2017-06-12,204283558.77325466
2017-06-13,268520562.44632876
2017-06-14,435834778.6454966
2017-06-15,195907758.54303885
2017-06-16,158849628.78788093
2017-06-17,146939437.21946678
2017-06-18,146249310.0476668
2017-06-19,204123502.96961603
2017-06-20,208033200.75403142
2017-06-21,143429984.70501465
2017-06-22,91452068.35525821
2017-06-23,146373123.47503456
2017-06-24,135111001.58831695
2017-06-25,237329706.38785124
2017-06-26,239311708.3413396
2017-06-27,157399624.66481197
2017-06-28,107906654.0618434
2017-06-29,103718383.04063688
2017-06-30,105511589.73927331
2017-07-01,96748666.51122706
2017-07-02,131455113.20711017
2017-07-03,130187106.93450896
2017-07-04,119861961.70348343
2017-07-05,93522266.98794703
2017-07-06,116912656.4443124
2017-07-07,91133549.9590164
2017-07-08,56620250.183561996
2017-07-09,163706108.82153362
2017-07-10,184411999.56184912
2017-07-11,153172924.85336658
2017-07-12,106346343.51029706
2017-07-13,133121604.15202287
2017-07-14,205297978.82580423
2017-07-15,152530374.28804657
2017-07-16,242313696.00736725
2017-07-17,262461203.84922445
2017-07-18,186988238.2237867
2017-07-19,281540460.6510425
2017-07-20,384806565.89971805
2017-07-21,215642445.09162393
2017-07-22,169964412.20341045
2017-07-23,139976350.7537848
2017-07-24,288015952.52724457
2017-07-25,176626997.82260647
2017-07-26,146490393.91523167
2017-07-27,232077673.06113806
2017-07-28,127294021.51886895
2017-07-29,152859034.1212597
2017-07-30,127009234.07663846
2017-07-31,214878001.37883702
2017-08-01,117440138.30737165
2017-08-02,113131475.0368071
2017-08-03,106217903.3954463
2017-08-04,344352179.13661176
2017-08-05,122798187.41230571
2017-08-06,198345493.0300774
2017-08-07,241759565.088791
2017-08-08,199170113.9757855
2017-08-09,153824056.618621
2017-08-10,195208159.0426822
2017-08-11,332122906.1376139
2017-08-12,381628414.1546703
2017-08-13,168021272.43739656
2017-08-14,592573698.1099374
2017-08-15,341988374.47941643
2017-08-16,351792037.6683817
2017-08-17,373082615.7580361
2017-08-18,322665040.3965485
2017-08-19,177654410.0991067
2017-08-20,123200186.5123889
2017-08-21,504190986.2284156
2017-08-22,257486335.94864237
2017-08-23,218844386.90985695
2017-08-24,246665524.6292582
2017-08-25,139377309.63647735
2017-08-26,112660557.88651253
2017-08-27,209634566.49566853
2017-08-28,317010671.8548901
2017-08-29,202687613.63990694
2017-08-30,220351499.90188968
2017-08-31,338585244.3527807
2017-09-01,440710136.09662324
2017-09-02,308302328.0212997
2017-09-03,513527217.62500376
2017-09-04,467133132.4971322
2017-09-05,384503428.8177615
2017-09-06,222544560.6030448
2017-09-07,503768705.75522035
2017-09-08,117381164.67126147
2017-09-09,331793077.94070375
2017-09-10,250115590.4300298
2017-09-11,311636501.2654974
2017-09-12,541722553.5428387
2017-09-13,736178849.3809645
2017-09-14,1267434715.9679632
2017-09-15,474370445.6741123
2017-09-16,249840870.73816603
2017-09-17,425335356.12640965
2017-09-18,349157038.32297957
2017-09-19,229919029.84766248
2017-09-20,385065464.59772885
2017-09-21,317303697.7252074
2017-09-22,179361985.99126774
2017-09-23,138592392.42948055
2017-09-24,284073950.9391744
2017-09-25,175299977.81306127
2017-09-26,357673848.68951017
2017-09-27,275531143.16024274
2017-09-28,289284083.40954936
2017-09-29,222088521.6719822
2017-09-30,171779832.26780057
2017-10-01,250398347.64562908
2017-10-02,256471830.90792736
2017-10-03,204003764.2335958
2017-10-04,87904264.41542768
2017-10-05,205812106.35166645
2017-10-06,89524651.87038891
2017-10-07,282133882.84246814
2017-10-08,397258570.199554
2017-10-09,347920434.56
2017-10-10,296445764.4234614
2017-10-11,680358364.3266706
2017-10-12,953598649.4834647
2017-10-13,328701504.6636471
2017-10-14,490476846.89475596
2017-10-15,322723336.5566526
2017-10-16,322503478.1204792
2017-10-17,627801313.9179745
2017-10-18,376178013.95121515
2017-10-19,583507046.8574011
2017-10-20,555571195.7118287
2017-10-21,469066735.29201514
2017-10-22,633277065.0849246
2017-10-23,628021830.3437077
2017-10-24,446193087.80574757
2017-10-25,450583865.77724534
2017-10-26,402366481.7965357
2017-10-27,278764450.6401858
2017-10-28,572711007.5335968
2017-10-29,144588378.86395484
2017-10-30,454449998.2659176
2017-10-31,630017228.4715976
2017-11-01,1143999865.200707
2017-11-02,374814688.9945792
2017-11-03,563573963.1487608
2017-11-04,568573468.1529733
2017-11-05,832822399.364463
2017-11-06,533993339.4799873
2017-11-07,1261823617.3145914
2017-11-08,528018381.56556165
2017-11-09,1128392930.682508
2017-11-10,805734191.0403882
2017-11-11,1601736904.2787657
2017-11-12,1259093767.510772
2017-11-13,597502689.3669903
2017-11-14,925948609.9534755
2017-11-15,1167106378.1773658
2017-11-16,1009820547.5464566
2017-11-17,541082170.8748473
2017-11-18,541743546.8099738
2017-11-19,546752953.4571438
2017-11-20,1004515766.6482553
2017-11-21,494283581.3226505
2017-11-22,425395614.83598435
2017-11-23,644675714.7939754
2017-11-24,677327101.0766498
2017-11-25,183816238.4787574
2017-11-26,1100089826.5007603
2017-11-27,824886242.4418215
2017-11-28,3006736495.2808194
2017-11-29,2130663923.372405
2017-11-30,1589331512.9417427
2017-12-01,965994254.3562113
2017-12-02,592011274.2160677
2017-12-03,1283672891.399018
2017-12-04,999891969.54149
2017-12-05,1982715220.4509902
2017-12-06,4548758961.588786
2017-12-07,3800432531.580915
2017-12-08,2195860926.731846
2017-12-09,2539286892.7016764
2017-12-10,2487997751.019463
2017-12-11,1992977378.0013492
2017-12-12,2027550684.5009563
2017-12-13,610207126.6876411
2017-12-14,2066395216.5763328
2017-12-15,1636509991.671891
2017-12-16,1641066517.685792
2017-12-17,2021140821.0929716
2017-12-18,2215330000.929072
2017-12-19,2752775707.1146574
2017-12-20,1989091729.4332354
2017-12-21,5352015515.542298
2017-12-22,1967536506.4005926
2017-12-23,1798168177.648421
2017-12-24,1134112808.2412252
2017-12-25,1745062014.3506472
2017-12-26,1619268857.168229
2017-12-27,1883494461.4293745
2017-12-28,1274049463.7163732
2017-12-29,1728481566.8689675
2017-12-30,1142728354.646587
2017-12-31,744866630.5094119
2018-01-01,1567582731.903526
2018-01-02,1138506779.2035935
2018-01-03,1371803859.924131
2018-01-04,1764169571.11057
2018-01-05,1024721001.2487963
2018-01-06,946406884.7515358
2018-01-07,1742246003.5464456
2018-01-08,1182426648.294293
2018-01-09,1634548780.4014
2018-01-10,1663185737.5560942
2018-01-11,1014053986.1381412
2018-01-12,740504186.9595935
2018-01-13,804914641.6120825
2018-01-14,758546178.5825682
2018-01-15,2762626868.9217606
2018-01-16,2926596198.2111597
2018-01-17,1771113579.4696858
2018-01-18,1064413369.5978014
2018-01-19,1097313787.3573146
2018-01-20,436195518.92766696
2018-01-21,1210203940.8799615
2018-01-22,1305109027.9785473
2018-01-23,921820890.74857
2018-01-24,772706342.7640659
2018-01-25,1135179206.750647
2018-01-26,763094646.009555
2018-01-27,738104166.8668789
2018-01-28,611119735.3108903
2018-01-29,1266284116.12824
2018-01-30,933239777.885645
2018-01-31,1509688358.173765
2018-02-01,2213436748.092759
2018-02-02,952403804.977636
2018-02-03,1080682794.7357142
2018-02-04,1793319477.2540278
2018-02-05,3094258118.1919785
2018-02-06,1670287563.7429032
2018-02-07,1336661910.5091228
2018-02-08,1093134650.4219353
2018-02-09,918540174.4693165
2018-02-10,796391653.708568
2018-02-11,836623674.3131925
2018-02-12,188454378.60299003
2018-02-13,915165499.846264
2018-02-14,1282426210.891208
2018-02-15,866501985.7084646
2018-02-16,973554319.9083946
2018-02-17,1377347061.4161527
2018-02-18,1020588579.3383632
2018-02-19,1258473015.5963838
2018-02-20,1601103155.9094486
2018-02-21,1395055528.707782
2018-02-22,1156539785.8885357
2018-02-23,814952720.426771
2018-02-24,619244270.7229553
2018-02-25,982054724.8043953
2018-02-26,820239742.1576885
2018-02-27,871257587.9600855
2018-02-28,790675903.7454846
2018-03-01,673860238.90624
2018-03-02,663520514.0089278
2018-03-03,542742758.5116323
2018-03-04,652061173.890632
2018-03-05,969993576.7318369
2018-03-06,1355596866.815812
2018-03-07,1231498466.0360353
2018-03-08,1735625689.9003196
2018-03-09,870115563.806644
2018-03-10,1205268901.9546967
2018-03-11,1145556674.728174
2018-03-12,1013634517.5790632
2018-03-13,1157902505.0164309
2018-03-14,1315209565.0947168
2018-03-15,771954415.4188056
2018-03-16,711706325.7031032
2018-03-17,1270330308.3404047
2018-03-18,1183523625.1592457
2018-03-19,968836842.5813378
2018-03-20,770717053.190813
2018-03-21,826892556.9047964
2018-03-22,734259108.9042656
2018-03-23,638996171.2272326
2018-03-24,497976127.7519874
2018-03-25,898113449.0403993
2018-03-26,706985634.7361835
2018-03-27,526257701.60659367
2018-03-28,1093751115.3311026
2018-03-29,1352337905.1215136
2018-03-30,754226245.4255953
2018-03-31,722273399.9422678
2018-04-01,607508836.2282234
2018-04-02,750173781.591549
2018-04-03,678823367.2390053
2018-04-04,609341543.7440615
2018-04-05,462008926.0509123
2018-04-06,182056053.35506067
2018-04-07,326416046.9776088
2018-04-08,753187037.3023131
2018-04-09,315236593.3233505
2018-04-10,307821267.9258925
2018-04-11,1299643867.9862459
2018-04-12,926851085.0818262
2018-04-13,436167916.73280394
2018-04-14,463617555.31277305
2018-04-15,573360855.0441558
2018-04-16,394991691.10931724
2018-04-17,464196480.7572402
2018-04-18,464912252.67378193
2018-04-19,794298021.3600045
2018-04-20,651772735.957254
2018-04-21,465733651.16133994
2018-04-22,450699812.6496822
2018-04-23,1018367445.3468827
2018-04-24,1422424550.9066591
2018-04-25,844331716.0751168
2018-04-26,585397247.860827
2018-04-27,715447010.8945911
2018-04-28,462929664.3529466
2018-04-29,418094847.7244384
2018-04-30,527697023.85466576
2018-05-01,388274885.0666991
2018-05-02,680877288.7332388
2018-05-03,574880148.5525826
2018-05-04,537691046.6820551
2018-05-05,469126978.3503543
2018-05-06,280712076.1287486
2018-05-07,517076475.2582592
2018-05-08,488309747.67100143
2018-05-09,429069482.61306053
2018-05-10,463167940.3319524
2018-05-11,614413743.6616971
2018-05-12,406595675.33447516
2018-05-13,706860457.8909063
2018-05-14,454469063.70223063
2018-05-15,600159885.9054794
2018-05-16,424479322.03378755
2018-05-17,412136776.7411436
2018-05-18,218570551.05819646
2018-05-19,262757456.5916241
2018-05-20,289720578.7972934
2018-05-21,305894176.50134945
2018-05-22,699344596.5278566
2018-05-23,621630127.4827429
2018-05-24,431191188.04293126
2018-05-25,206933926.37232855
2018-05-26,212506321.22523677
2018-05-27,359150380.4854495
2018-05-28,457810459.5313444
2018-05-29,339813351.37757105
2018-05-30,255228873.4843311
2018-05-31,302871386.6901203
2018-06-01,240176294.70087594
2018-06-02,177606670.8317508
2018-06-03,294372762.3021108
2018-06-04,310610271.6716796
2018-06-05,295953157.9199407
2018-06-06,226860730.56767535
2018-06-07,192350883.74351424
2018-06-08,91992940.35597539
2018-06-09,736759768.9359704
2018-06-10,378492500.7529921
2018-06-11,401258529.22507364
2018-06-12,582320290.4371136
2018-06-13,507468883.67457664
2018-06-14,244527145.90425405
2018-06-15,172210435.53273633
2018-06-16,121723139.68069099
2018-06-17,287235898.7737913
2018-06-18,233317200.37502286
2018-06-19,309788517.0271283
2018-06-20,246549992.04709232
2018-06-21,478403874.50570005
2018-06-22,558291379.5169584
2018-06-23,450337175.88210005
2018-06-24,501623219.8642
2018-06-25,363193880.4348
2018-06-26,345979167.6112
2018-06-27,262900494.3876923
2018-06-28,414797814.0758249
2018-06-29,489427084.1189
2018-06-30,224327884.55087498
2018-07-01,281178824.1085834
2018-07-02,356469308.56780005
2018-07-03,345023639.28213334
2018-07-04,359185743.354075
2018-07-05,309943305.8994461
2018-07-06,216238561.65835002
2018-07-07,285993884.485
2018-07-08,220403963.38473335
2018-07-09,385405419.24266666
2018-07-10,361861965.470775
2018-07-11,313761610.21449167
2018-07-12,304859782.2167667
2018-07-13,243555155.3039
2018-07-14,178134461.97995833
2018-07-15,301675832.613725
2018-07-16,499528836.8743
2018-07-17,805118967.8872999
2018-07-18,559342105.92
2018-07-19,490150501.94261664
2018-07-20,425993493.86343074
2018-07-21,233536540.3604
2018-07-22,547531100.7664
2018-07-23,823187997.8289001
2018-07-24,864732263.0617
2018-07-25,506038858.7382999
2018-07-26,657006645.97765
2018-07-27,437067809.3401834
2018-07-28,261609974.09137502
2018-07-29,381316455.4825583
2018-07-30,685149433.5815834
2018-07-31,709577850.3427166
2018-08-01,436605505.40333337
2018-08-02,473049731.6900834
2018-08-03,450885758.33475
2018-08-04,444011358.29234165
2018-08-05,321607416.45345
2018-08-06,367996501.7604
2018-08-07,717117072.3086154
2018-08-08,616864330.6616999
2018-08-09,486037319.6083933
2018-08-10,600288986.875425
2018-08-11,441814690.671825
2018-08-12,401920311.7545857
2018-08-13,663944638.213075
2018-08-14,702473673.063446
2018-08-15,608876687.7548769
2018-08-16,417505745.4257667
2018-08-17,366208610.751725
2018-08-18,250407540.752725
2018-08-19,278407616.79156667
2018-08-20,494275683.7943538
2018-08-21,578694712.3484416
2018-08-22,521498142.1169417
2018-08-23,309487742.00668573
2018-08-24,360769405.4619
2018-08-25,275471754.4117583
2018-08-26,258650857.75549233
2018-08-27,488528814.7685167
2018-08-28,417586626.2572714
2018-08-29,386739901.3649583
2018-08-30,401228805.8850154
2018-08-31,346387521.1970084
2018-09-01,500527999.0105078
2018-09-02,398104449.3491077
2018-09-03,355513974.99455833
2018-09-04,534640696.63640773
2018-09-05,963691917.6019086
2018-09-06,419504415.19785
2018-09-07,291261346.93307495
2018-09-08,338680872.51955
2018-09-09,290980772.8368461
2018-09-10,314617783.7769333
2018-09-11,321882304.55031675
2018-09-12,349448939.5885616
2018-09-13,360631436.3050917
2018-09-14,232655320.56611666
2018-09-15,181083665.02454165
2018-09-16,217488658.75825
2018-09-17,346869668.288775
2018-09-18,321494577.22700834
2018-09-19,425834153.34970003
2018-09-20,524769683.69301677
2018-09-21,424174128.73345
2018-09-22,251395241.2779167
2018-09-23,273203917.3096333
2018-09-24,390313648.772825
2018-09-25,312748554.37550837
2018-09-26,283381555.35885835
2018-09-27,457654461.26719165
2018-09-28,373219094.66076666
2018-09-29,190991380.69071665
2018-09-30,256778711.4242917
2018-10-01,257999312.56760833
2018-10-02,332298092.85064167
2018-10-03,263127450.3287083
2018-10-04,220257654.74284998
2018-10-05,209968177.95718333
2018-10-06,155730689.40768334
2018-10-07,203461059.2068769
2018-10-08,225814169.29826665
2018-10-09,265718545.5197667
2018-10-10,571216726.9510417
2018-10-11,326313131.20454997
2018-10-12,182016135.0701833
2018-10-13,189122800.70661664
2018-10-14,571754179.6516584
2018-10-15,667107406.1572669
2018-10-16,288830228.1963923
2018-10-17,248067803.46955383
2018-10-18,271177659.4210667
2018-10-19,196192211.14311668
2018-10-20,139219682.7482917
2018-10-21,161513916.040575
2018-10-22,214509494.38174
2018-10-23,228326458.19319168
2018-10-24,211333434.46891665
2018-10-25,196903747.49074164
2018-10-26,170476989.60099164
2018-10-27,132201764.57107498
2018-10-28,227993897.59048334
2018-10-29,272566870.0486643
2018-10-30,239611665.55315003
2018-10-31,218561001.31684998
2018-11-01,213130474.22181675
2018-11-02,173127503.86902502
2018-11-03,170377979.27624997
2018-11-04,181319289.62183332
2018-11-05,194984157.9507917
2018-11-06,282785375.5726834
2018-11-07,243318834.88346663
2018-11-08,234921792.63233337
2018-11-09,165583852.47805002
2018-11-10,130081811.03396666
2018-11-11,161262278.75530002
2018-11-12,233379998.45811668
2018-11-13,394394702.04938334
2018-11-14,1154982470.8677833
2018-11-15,598382905.457125
2018-11-16,295708090.7180917
2018-11-17,199003094.976675
2018-11-18,520520304.9135249
2018-11-19,1286922323.878267
2018-11-20,1192636084.7779415
2018-11-21,515936600.33733344
2018-11-22,499912457.6587834
2018-11-23,394965144.8347084
2018-11-24,854858771.8991165
2018-11-25,777305525.3779416
2018-11-26,769139307.2511915
2018-11-27,693105022.051023
2018-11-28,694205696.0006417
2018-11-29,566637605.5040001
2018-11-30,463868071.3704083
2018-12-01,311020128.45015
2018-12-02,384515219.8658083
2018-12-03,431140475.81086665
2018-12-04,360463175.5577667
2018-12-05,468386115.0315166
2018-12-06,711072414.9827499
2018-12-07,602479277.0078584
2018-12-08,412089394.84126663
2018-12-09,341852239.5946333
2018-12-10,363550072.67391664
2018-12-11,296126372.2710417
2018-12-12,308613011.6727249
2018-12-13,383570307.1369834
2018-12-14,336373161.99336666
2018-12-15,215050882.80007496
2018-12-16,343147308.5485334
2018-12-17,505136198.08115
2018-12-18,646102993.8124083
2018-12-19,774377235.180075
2018-12-20,736597655.1046333
2018-12-21,387644391.3521166
2018-12-22,352851757.8155666
2018-12-23,502551219.5510666
2018-12-24,473121207.31752497
2018-12-25,333028124.7150083
2018-12-26,304466482.3517917
2018-12-27,382232905.9336417
2018-12-28,337406200.3913
2018-12-29,298945596.8086333
2018-12-30,252556851.44223332
2018-12-31,255956548.17687497
2019-01-01,280901167.91293335
2019-01-02,252710143.65893337
2019-01-03,203230963.07804167
2019-01-04,246497263.451975
2019-01-05,182621668.13249168
2019-01-06,278935705.86964995
2019-01-07,315462368.65665835
2019-01-08,340650855.44360834
2019-01-09,413021289.11607504
2019-01-10,380984331.3695667
2019-01-11,245745577.750675
2019-01-12,165382202.22897497
2019-01-13,236250167.2514
2019-01-14,266949739.4307833
2019-01-15,268546359.52020836
2019-01-16,243687141.2343167
2019-01-17,206239337.200225
2019-01-18,208367429.890525
2019-01-19,199684494.12556672
2019-01-20,217211992.52970836
2019-01-21,199691534.60285
2019-01-22,214471505.65561667
2019-01-23,179899489.97991666
2019-01-24,166913413.360025
2019-01-25,175218756.37393335
2019-01-26,165692578.33495
2019-01-27,197018540.267925
2019-01-28,156892465.76780832
2019-01-29,144669734.19075003
2019-01-30,127924308.74967057
2019-01-31,116997905.21345386
2019-02-01,81741543.45703332
2019-02-02,73381552.24457501
2019-02-03,75017865.31638335
2019-02-04,75240276.19315834
2019-02-05,110651460.74866669
2019-02-06,90986079.35947502
2019-02-07,153279219.39738333
2019-02-08,217068924.91301668
2019-02-09,121816867.224575
2019-02-10,179655998.92857504
2019-02-11,129996840.096825
2019-02-12,221056737.29755
2019-02-13,200218522.68371665
2019-02-14,127667466.44785832
2019-02-15,107688399.78553332
2019-02-16,142776379.07428336
2019-02-17,343010004.3708
2019-02-18,438815856.5619083
2019-02-19,271353116.31489164
2019-02-20,240202768.38724163
2019-02-21,160796036.1735
2019-02-22,165815379.60007498
2019-02-23,337214423.4880083
2019-02-24,314777988.7498334
2019-02-25,148383509.83865002
2019-02-26,160264817.05440772
2019-02-27,256136156.93072498
2019-02-28,228716537.87833336
2019-03-01,144150825.2463167
2019-03-02,95844091.34250833
2019-03-03,145364060.782675
2019-03-04,252015977.1972833
2019-03-05,215615762.35534167
2019-03-06,142768837.2123
2019-03-07,215638853.21218333
2019-03-08,222444581.49923328
2019-03-09,96427737.13338335
2019-03-10,95384432.38685
2019-03-11,185222444.46111667
2019-03-12,151799390.01225385
2019-03-13,176540971.30901426
2019-03-14,203343525.83249164
2019-03-15,303831530.29559165
2019-03-16,125195496.93515833
2019-03-17,102890934.809075
2019-03-18,98011297.14283334
2019-03-19,120729951.04452498
2019-03-20,162578679.43387502
2019-03-21,117118531.91374166
2019-03-22,66576609.86200833
2019-03-23,47548725.95841666
2019-03-24,66038070.17126667
2019-03-25,132110657.64147498
2019-03-26,107206312.61764999
2019-03-27,105244266.44800834
2019-03-28,119321833.21490714
2019-03-29,153602469.03734168
2019-03-30,62794061.573300004
2019-03-31,127229651.49204615
2019-04-01,594065058.3833166
2019-04-02,814493444.2263082
2019-04-03,750965920.4052833
2019-04-04,410162106.5821168
2019-04-05,315324732.72968465
2019-04-06,360932335.6117
2019-04-07,522492053.9085417
2019-04-08,453298711.19326156
2019-04-09,306217427.34132504
2019-04-10,418764181.44013846
2019-04-11,325282843.69819164
2019-04-12,151641330.802275
2019-04-13,99618100.63492501
2019-04-14,152098922.74918333
2019-04-15,226128979.40336668
2019-04-16,252996433.28327498
2019-04-17,217720493.28413332
2019-04-18,194767542.87328336
2019-04-19,170823823.44841668
2019-04-20,147518832.06401667
2019-04-21,223901582.15441668
2019-04-22,344001133.0651917
2019-04-23,392150133.86275834
2019-04-24,259583791.49699163
2019-04-25,452840571.941775
2019-04-26,214306649.43924165
2019-04-27,121771570.761225
2019-04-28,172423604.69240832
2019-04-29,183955725.85526666
2019-04-30,61960550.808725
2019-05-01,57902433.37035
2019-05-02,135084149.8043
2019-05-03,137238637.96957502
2019-05-04,87101677.35579167
2019-05-05,71574173.52980833
2019-05-06,120723217.582875
2019-05-07,113696957.6301
2019-05-08,122208088.69472499
2019-05-09,154686895.25019166
2019-05-10,260302316.68079996
2019-05-11,440320821.0615333
2019-05-12,359671195.07702494
2019-05-13,488508804.9409333
2019-05-14,323047353.35425
2019-05-15,308713119.4427583
2019-05-16,394223024.656925
2019-05-17,255946514.11000827
2019-05-18,198826699.75954166
2019-05-19,266948150.05600834
2019-05-20,186874301.32231668
2019-05-21,132606959.4733
2019-05-22,175843690.4520333
2019-05-23,154057018.00239167
2019-05-24,121597298.82503077
2019-05-25,70845618.92133333
2019-05-26,252057229.62646672
2019-05-27,134608368.78020003
2019-05-28,150816860.35759166
2019-05-29,163904124.14043334
2019-05-30,296511084.7887167
2019-05-31,138211025.193825
2019-06-01,77166523.20661667
2019-06-02,116262699.1748
2019-06-03,266327224.8267667
2019-06-04,217070579.656925
2019-06-05,142421449.39965832
2019-06-06,167159056.353225
2019-06-07,121989497.76356667
2019-06-08,66372457.37286667
2019-06-09,112176516.30900002
2019-06-10,123188209.95995833
2019-06-11,148906903.39179167
2019-06-12,142309243.79283333
2019-06-13,133601588.33705384
2019-06-14,156602786.05749166
2019-06-15,217645416.89133334
2019-06-16,239793360.26779997
2019-06-17,217442989.87443328
2019-06-18,110363234.1221
2019-06-19,112974295.03899999
2019-06-20,207501993.98839167
2019-06-21,319243691.198925
2019-06-22,222666573.43009165
2019-06-23,186349715.23109165
2019-06-24,236190825.14310768
2019-06-25,535505430.1999251
2019-06-26,745764162.9825667
2019-06-27,671830661.6661667
2019-06-28,377543401.9174308
2019-06-29,243289656.81363335
